[
     {
          "id" : 1,
          "nombre" : "Elizabeth",
          "empresa" : "Edtecnica",
          "trabajo" : "Desarrollador Web"
     },
     {
          "id" : 2,
          "nombre" : "Victor",
          "empresa" : "Edtecnica",
          "trabajo" : "Diseñador Web"
     },
     {
          "id" : 3,
          "nombre" : "Gilberth",
          "empresa" : "Edtecnica",
          "trabajo" : "Aplicaciones Móviles"
     },
     {
          "id" : 4,
          "nombre" : "Gustavo",
          "empresa" : "Edtecnica",
          "trabajo" : "Desarrollador Web"
     }

]